peptide	targetid	target_chainseq	templates_alignfile
PhdLP_d	D7.6	PhdLP_d	/data/lab/czg/alphafold_finetune/datasets_alphafold_finetune_cyclic/alignments/Me_20706.tsv
VIhFIh.	D7.8	VIhFIh.	/data/lab/czg/alphafold_finetune/datasets_alphafold_finetune_cyclic/alignments/Me_20708.tsv
dLhdL.PL	D8.1	dLhdL.PL	/data/lab/czg/alphafold_finetune/datasets_alphafold_finetune_cyclic/alignments/Me_20801.tsv
gdhPLOPL	D8.5	gdhPLOPL	/data/lab/czg/alphafold_finetune/datasets_alphafold_finetune_cyclic/alignments/Me_20805.tsv
dhPdV++L	D8.6	dhPdV++L	/data/lab/czg/alphafold_finetune/datasets_alphafold_finetune_cyclic/alignments/Me_20806.tsv
IppIPhLd	D8.9	IppIPhLd	/data/lab/czg/alphafold_finetune/datasets_alphafold_finetune_cyclic/alignments/Me_20809.tsv
hh+gA&pd	D8.10	hh+gA&pd	/data/lab/czg/alphafold_finetune/datasets_alphafold_finetune_cyclic/alignments/Me_20810.tsv
dVhPdVhP	D8.12	dVhPdVhP	/data/lab/czg/alphafold_finetune/datasets_alphafold_finetune_cyclic/alignments/Me_20812.tsv
hcFsh&LP	D8.14	hcFsh&LP	/data/lab/czg/alphafold_finetune/datasets_alphafold_finetune_cyclic/alignments/Me_20814.tsv
PIg)Ppd$	D8.15	PIg)Ppd$	/data/lab/czg/alphafold_finetune/datasets_alphafold_finetune_cyclic/alignments/Me_20815.tsv
h&LgPP+c	D8.17	h&LgPP+c	/data/lab/czg/alphafold_finetune/datasets_alphafold_finetune_cyclic/alignments/Me_20817.tsv
F+pPLLPV	D8.19	F+pPLLPV	/data/lab/czg/alphafold_finetune/datasets_alphafold_finetune_cyclic/alignments/Me_20819.tsv
O&hLO&hL	D8.21	O&hLO&hL	/data/lab/czg/alphafold_finetune/datasets_alphafold_finetune_cyclic/alignments/Me_20821.tsv
LP&A&PL.	D8.25	LP&A&PL.	/data/lab/czg/alphafold_finetune/datasets_alphafold_finetune_cyclic/alignments/Me_20825.tsv
Op+_OPhI	D8.26	Op+_OPhI	/data/lab/czg/alphafold_finetune/datasets_alphafold_finetune_cyclic/alignments/Me_20826.tsv
.hpO.hpO	D8.31	.hpO.hpO	/data/lab/czg/alphafold_finetune/datasets_alphafold_finetune_cyclic/alignments/Me_20831.tsv
PpVdp)VPV	D9.8	PpVdp)VPV	/data/lab/czg/alphafold_finetune/datasets_alphafold_finetune_cyclic/alignments/Me_20908.tsv
h+AO&LLPd	D9.16	h+AO&LLPd	/data/lab/czg/alphafold_finetune/datasets_alphafold_finetune_cyclic/alignments/Me_20916.tsv
(_dhPLPhO	D9.24	(_dhPLPhO	/data/lab/czg/alphafold_finetune/datasets_alphafold_finetune_cyclic/alignments/Me_20924.tsv
OhP.pp.Vh	D9.29	OhP.pp.Vh	/data/lab/czg/alphafold_finetune/datasets_alphafold_finetune_cyclic/alignments/Me_20929.tsv
PL.h+dI&O	D9.30	PL.h+dI&O	/data/lab/czg/alphafold_finetune/datasets_alphafold_finetune_cyclic/alignments/Me_20930.tsv
dILh)VP$F&	D10.1	dILh)VP$F&	/data/lab/czg/alphafold_finetune/datasets_alphafold_finetune_cyclic/alignments/Me_20101.tsv
&pPp.&PpLF	D10.21	&pPp.&PpLF	/data/lab/czg/alphafold_finetune/datasets_alphafold_finetune_cyclic/alignments/Me_21021.tsv
PL&&Ppds$h	D10.22	PL&&Ppds$h	/data/lab/czg/alphafold_finetune/datasets_alphafold_finetune_cyclic/alignments/Me_21022.tsv
PL&&Ppdsph	D10.23	PL&&Ppdsph	/data/lab/czg/alphafold_finetune/datasets_alphafold_finetune_cyclic/alignments/Me_21023.tsv
g+LchPOh+L	D10.31	g+LchPOh+L	/data/lab/czg/alphafold_finetune/datasets_alphafold_finetune_cyclic/alignments/Me_21031.tsv
)phLO&hI__	D10.65	)phLO&hI__	/data/lab/czg/alphafold_finetune/datasets_alphafold_finetune_cyclic/alignments/Me_21065.tsv
chLdh&gL_cP	D11.1	chLdh&gL_cP	/data/lab/czg/alphafold_finetune/datasets_alphafold_finetune_cyclic/alignments/Me_20111.tsv
VPhLoch)Ich	D11.4	VPhLoch)Ich	/data/lab/czg/alphafold_finetune/datasets_alphafold_finetune_cyclic/alignments/Me_21104.tsv
LP)APhPAALL	D11.25	LP)APhPAALL	/data/lab/czg/alphafold_finetune/datasets_alphafold_finetune_cyclic/alignments/Me_21125.tsv

